{
  "files": [
    {
      "filepath": "/Users/jimmychen/Desktop/Software/Esposter/packages/app/app/services/tableEditor/file/commands/findDuplicateRows.bench.ts",
      "groups": [
        {
          "fullName": "app/services/tableEditor/file/commands/findDuplicateRows.bench.ts > findDuplicateRows",
          "benchmarks": [
            {
              "id": "-1662559125_1_0",
              "name": "First mode — 100 rows, 50 unique",
              "rank": 1,
              "rme": 0.38696392052414164,
              "samples": [],
              "totalTime": 500.0060430000094,
              "min": 0.017707999999856838,
              "max": 0.375374999999849,
              "hz": 53563.35263331906,
              "period": 0.018669481106713817,
              "mean": 0.018669481106713817,
              "variance": 0.000036386166867854414,
              "sd": 0.006032094732997354,
              "sem": 0.000036859263281660044,
              "df": 26781,
              "critical": 1.96,
              "moe": 0.00007224415603205369,
              "p75": 0.01866699999982302,
              "p99": 0.020582999999987805,
              "p995": 0.022375000000010914,
              "p999": 0.04500000000007276,
              "sampleCount": 26782,
              "median": 0.01841699999999946
            },
            {
              "id": "-1662559125_1_1",
              "name": "Last mode — 100 rows, 50 unique",
              "rank": 2,
              "rme": 0.41958432928072165,
              "samples": [],
              "totalTime": 500.0185109999775,
              "min": 0.018582999999580352,
              "max": 0.37058299999989686,
              "hz": 47822.22952542067,
              "period": 0.020910777475743453,
              "mean": 0.020910777475743453,
              "variance": 0.00004791622986413274,
              "sd": 0.006922155001452419,
              "sem": 0.00004476446194846041,
              "df": 23911,
              "critical": 1.96,
              "moe": 0.00008773834541898239,
              "p75": 0.02129099999956452,
              "p99": 0.023000000000138243,
              "p995": 0.025666999999884865,
              "p999": 0.06562499999972715,
              "sampleCount": 23912,
              "median": 0.020833000000038737
            },
            {
              "id": "-1662559125_1_2",
              "name": "First mode — 1000 rows, 500 unique",
              "rank": 3,
              "rme": 0.3692876063986186,
              "samples": [],
              "totalTime": 500.15103500000987,
              "min": 0.19491700000025958,
              "max": 0.5327919999999722,
              "hz": 4926.511848565807,
              "period": 0.20298337459415985,
              "mean": 0.20298337459415985,
              "variance": 0.0003603951706493079,
              "sd": 0.01898407676578737,
              "sem": 0.00038244512521730335,
              "df": 2463,
              "critical": 1.96,
              "moe": 0.0007495924454259146,
              "p75": 0.2020420000003469,
              "p99": 0.23925000000008367,
              "p995": 0.2563749999999345,
              "p999": 0.4857080000001588,
              "sampleCount": 2464,
              "median": 0.20118750000006003
            },
            {
              "id": "-1662559125_1_3",
              "name": "Last mode — 1000 rows, 500 unique",
              "rank": 4,
              "rme": 0.5237896104008651,
              "samples": [],
              "totalTime": 500.1213520000101,
              "min": 0.21366699999998673,
              "max": 0.6751250000002074,
              "hz": 4400.931876229823,
              "period": 0.22722460336211273,
              "mean": 0.22722460336211273,
              "variance": 0.0008115819272193756,
              "sd": 0.0284882770138767,
              "sem": 0.000607234114635368,
              "df": 2200,
              "critical": 1.96,
              "moe": 0.0011901788646853212,
              "p75": 0.22712500000034197,
              "p99": 0.28179199999976845,
              "p995": 0.5304999999998472,
              "p999": 0.5621249999999236,
              "sampleCount": 2201,
              "median": 0.2231249999999818
            },
            {
              "id": "-1662559125_1_4",
              "name": "First mode — 10000 rows, 5000 unique",
              "rank": 5,
              "rme": 0.7719212110381066,
              "samples": [],
              "totalTime": 500.5944220000065,
              "min": 2.1908329999996567,
              "max": 2.92016699999931,
              "hz": 433.4846543695551,
              "period": 2.306886737327219,
              "mean": 2.306886737327219,
              "variance": 0.017912082672754685,
              "sd": 0.13383602905329597,
              "sem": 0.009085381653088639,
              "df": 216,
              "critical": 1.96,
              "moe": 0.017807348040053732,
              "p75": 2.292000000000371,
              "p99": 2.847208000000137,
              "p995": 2.854750000000422,
              "p999": 2.92016699999931,
              "sampleCount": 217,
              "median": 2.273750000000291
            },
            {
              "id": "-1662559125_1_5",
              "name": "Last mode — 10000 rows, 5000 unique",
              "rank": 6,
              "rme": 0.9830373057930704,
              "samples": [],
              "totalTime": 500.05369999999675,
              "min": 2.477665999999772,
              "max": 3.4992910000000848,
              "hz": 381.95897760580766,
              "period": 2.6180821989528624,
              "mean": 2.6180821989528624,
              "variance": 0.03293273344191978,
              "sd": 0.18147378169289297,
              "sem": 0.013130981995935811,
              "df": 190,
              "critical": 1.96,
              "moe": 0.02573672471203419,
              "p75": 2.62170900000001,
              "p99": 3.379167000000052,
              "p995": 3.4992910000000848,
              "p999": 3.4992910000000848,
              "sampleCount": 191,
              "median": 2.5578749999995125
            }
          ]
        }
      ]
    }
  ]
}