{
  "files": [
    {
      "filepath": "src/services/exec/createVfsBackend.bench.ts",
      "groups": [
        {
          "fullName": "src/services/exec/createVfsBackend.bench.ts > createVfsBackend — in-process node -e vs native spawn (hot path)",
          "benchmarks": [
            {
              "id": "1514013446_0_0",
              "name": "native",
              "rank": 2,
              "rme": 6.715357838213993,
              "samples": [],
              "totalTime": 1447.9382999999996,
              "min": 128.0338999999999,
              "max": 167.3646000000001,
              "hz": 6.906371631995647,
              "period": 144.79382999999996,
              "mean": 144.79382999999996,
              "variance": 184.7792627956676,
              "sd": 13.593353625785934,
              "sem": 4.298595849759169,
              "df": 9,
              "critical": 2.262,
              "moe": 9.723423812155241,
              "p75": 152.81780000000003,
              "p99": 167.3646000000001,
              "p995": 167.3646000000001,
              "p999": 167.3646000000001,
              "sampleCount": 10,
              "median": 147.58899999999994
            },
            {
              "id": "1514013446_0_1",
              "name": "vfs",
              "rank": 1,
              "rme": 2.4101140018249305,
              "samples": [],
              "totalTime": 500.00619999997843,
              "min": 0.011099999999714782,
              "max": 3.9486000000001695,
              "hz": 59269.265061115795,
              "period": 0.01687215117259924,
              "mean": 0.01687215117259924,
              "variance": 0.001275583451655541,
              "sd": 0.03571531116559872,
              "sem": 0.00020746840705096096,
              "df": 29634,
              "critical": 1.96,
              "moe": 0.0004066380778198835,
              "p75": 0.015300000000024738,
              "p99": 0.04860000000007858,
              "p995": 0.06190000000015061,
              "p999": 0.12840000000005602,
              "sampleCount": 29635,
              "median": 0.014400000000023283
            }
          ]
        },
        {
          "fullName": "src/services/exec/createVfsBackend.bench.ts > createVfsBackend — fall-back command vs native (no added overhead)",
          "benchmarks": [
            {
              "id": "1514013446_1_0",
              "name": "native",
              "rank": 1,
              "rme": 4.364428776922998,
              "samples": [],
              "totalTime": 1381.7913999999982,
              "min": 126.19120000000021,
              "max": 156.0729999999994,
              "hz": 7.236982369408301,
              "period": 138.17913999999982,
              "mean": 138.17913999999982,
              "variance": 71.08117379377424,
              "sd": 8.430965175694551,
              "sem": 2.666105282875645,
              "df": 9,
              "critical": 2.262,
              "moe": 6.030730149864709,
              "p75": 144.70269999999982,
              "p99": 156.0729999999994,
              "p995": 156.0729999999994,
              "p999": 156.0729999999994,
              "sampleCount": 10,
              "median": 136.45775000000003
            },
            {
              "id": "1514013446_1_1",
              "name": "vfs",
              "rank": 2,
              "rme": 7.475528971578344,
              "samples": [],
              "totalTime": 1443.1032999999989,
              "min": 130.98999999999978,
              "max": 171.0586999999996,
              "hz": 6.929510867309366,
              "period": 144.31032999999988,
              "mean": 144.31032999999988,
              "variance": 227.45395684455968,
              "sd": 15.081576736023315,
              "sem": 4.769213319244167,
              "df": 9,
              "critical": 2.262,
              "moe": 10.787960528130306,
              "p75": 154.22519999999986,
              "p99": 171.0586999999996,
              "p995": 171.0586999999996,
              "p999": 171.0586999999996,
              "sampleCount": 10,
              "median": 138.0386999999996
            }
          ]
        }
      ]
    },
    {
      "filepath": "src/services/source/loadFilesSource.bench.ts",
      "groups": [
        {
          "fullName": "src/services/source/loadFilesSource.bench.ts > loadFilesSource — load + dispose by file count",
          "benchmarks": [
            {
              "id": "-501610611_0_0",
              "name": "files:1",
              "rank": 1,
              "rme": 2.807972453883159,
              "samples": [],
              "totalTime": 500.5870999999977,
              "min": 2.959899999999834,
              "max": 7.294100000000071,
              "hz": 243.71383121938334,
              "period": 4.103172950819653,
              "mean": 4.103172950819653,
              "variance": 0.42157322513007833,
              "sd": 0.6492867048770353,
              "sem": 0.05878365622153094,
              "df": 121,
              "critical": 1.96,
              "moe": 0.11521596619420064,
              "p75": 4.507699999999886,
              "p99": 5.500299999999925,
              "p995": 7.294100000000071,
              "p999": 7.294100000000071,
              "sampleCount": 122,
              "median": 4.011700000000019
            },
            {
              "id": "-501610611_0_1",
              "name": "files:100",
              "rank": 2,
              "rme": 6.639287167421945,
              "samples": [],
              "totalTime": 1413.213799999999,
              "min": 124.90319999999974,
              "max": 169.46439999999984,
              "hz": 7.07607016008477,
              "period": 141.32137999999992,
              "mean": 141.32137999999992,
              "variance": 172.05743534622238,
              "sd": 13.117066567881036,
              "sem": 4.147980657455172,
              "df": 9,
              "critical": 2.262,
              "moe": 9.382732247163599,
              "p75": 148.8098,
              "p99": 169.46439999999984,
              "p995": 169.46439999999984,
              "p999": 169.46439999999984,
              "sampleCount": 10,
              "median": 138.44799999999987
            },
            {
              "id": "-501610611_0_2",
              "name": "files:1000",
              "rank": 3,
              "rme": 8.066611115023925,
              "samples": [],
              "totalTime": 11690.505799999999,
              "min": 1021.4724999999999,
              "max": 1492.329600000001,
              "hz": 0.8553949821401228,
              "period": 1169.0505799999999,
              "mean": 1169.0505799999999,
              "variance": 17380.555111990812,
              "sd": 131.83533332149926,
              "sem": 41.689992938342904,
              "df": 9,
              "critical": 2.262,
              "moe": 94.30276402653165,
              "p75": 1179.829099999999,
              "p99": 1492.329600000001,
              "p995": 1492.329600000001,
              "p999": 1492.329600000001,
              "sampleCount": 10,
              "median": 1142.9154999999992
            }
          ]
        }
      ]
    },
    {
      "filepath": "src/services/sandbox/createSandbox.bench.ts",
      "groups": [
        {
          "fullName": "src/services/sandbox/createSandbox.bench.ts > createSandbox exec vs native baseline",
          "benchmarks": [
            {
              "id": "240724558_0_0",
              "name": "native",
              "rank": 2,
              "rme": 5.541143811998043,
              "samples": [],
              "totalTime": 1621.8021000000006,
              "min": 144.36490000000003,
              "max": 178.29330000000004,
              "hz": 6.16598042387539,
              "period": 162.18021000000005,
              "mean": 162.18021000000005,
              "variance": 157.83719679877763,
              "sd": 12.563327457277296,
              "sem": 3.9728729755528,
              "df": 9,