{
  "files": [
    {
      "filepath": "src/services/sandbox/createSandbox.bench.ts",
      "groups": [
        {
          "fullName": "src/services/sandbox/createSandbox.bench.ts > createSandbox exec vs native baseline",
          "benchmarks": [
            {
              "id": "240724558_0_0",
              "name": "native",
              "rank": 2,
              "rme": 6.958168762166685,
              "samples": [],
              "totalTime": 1424.8949999999998,
              "min": 117.32199999999989,
              "max": 165.1187,
              "hz": 7.018060979931857,
              "period": 142.48949999999996,
              "mean": 142.48949999999996,
              "variance": 192.11905401999869,
              "sd": 13.860701786706137,
              "sem": 4.383138761435675,
              "df": 9,
              "critical": 2.262,
              "moe": 9.914659878367496,
              "p75": 153.1247999999996,
              "p99": 165.1187,
              "p995": 165.1187,
              "p999": 165.1187,
              "sampleCount": 10,
              "median": 139.84140000000014
            },
            {
              "id": "240724558_0_1",
              "name": "sandbox",
              "rank": 1,
              "rme": 4.611517727196522,
              "samples": [],
              "totalTime": 1302.5252000000005,
              "min": 118.10100000000011,
              "max": 141.95000000000027,
              "hz": 7.677394648487412,
              "period": 130.25252000000006,
              "mean": 130.25252000000006,
              "variance": 70.51391575733454,
              "sd": 8.397256442275332,
              "sem": 2.6554456454112283,
              "df": 9,
              "critical": 2.262,
              "moe": 6.006618049920198,
              "p75": 134.7491,
              "p99": 141.95000000000027,
              "p995": 141.95000000000027,
              "p999": 141.95000000000027,
              "sampleCount": 10,
              "median": 132.0619999999999
            }
          ]
        }
      ]
    },
    {
      "filepath": "src/services/source/loadFilesSource.bench.ts",
      "groups": [
        {
          "fullName": "src/services/source/loadFilesSource.bench.ts > loadFilesSource — load + dispose by file count",
          "benchmarks": [
            {
              "id": "-501610611_0_0",
              "name": "files:1",
              "rank": 1,
              "rme": 11.484373076166712,
              "samples": [],
              "totalTime": 501.5901999999985,
              "min": 2.0412000000000035,
              "max": 31.073799999999892,
              "hz": 360.8523452013228,
              "period": 2.771216574585627,
              "mean": 2.771216574585627,
              "variance": 4.772236439390399,
              "sd": 2.1845449044115344,
              "sem": 0.1623759439663169,
              "df": 180,
              "critical": 1.96,
              "moe": 0.31825685017398114,
              "p75": 2.7958999999999605,
              "p99": 7.018100000000004,
              "p995": 31.073799999999892,
              "p999": 31.073799999999892,
              "sampleCount": 181,
              "median": 2.4787999999998647
            },
            {
              "id": "-501610611_0_1",
              "name": "files:100",
              "rank": 2,
              "rme": 5.133858648523527,
              "samples": [],
              "totalTime": 784.3853999999994,
              "min": 69.42609999999968,
              "max": 87.71800000000007,
              "hz": 12.748834947718311,
              "period": 78.43853999999995,
              "mean": 78.43853999999995,
              "variance": 31.692873387111334,
              "sd": 5.629642385366173,
              "sem": 1.7802492349980474,
              "df": 9,
              "critical": 2.262,
              "moe": 4.026923769565584,
              "p75": 82.88679999999977,
              "p99": 87.71800000000007,
              "p995": 87.71800000000007,
              "p999": 87.71800000000007,
              "sampleCount": 10,
              "median": 78.83439999999996
            },
            {
              "id": "-501610611_0_2",
              "name": "files:1000",
              "rank": 3,
              "rme": 12.211709679106137,
              "samples": [],
              "totalTime": 11837.636700000003,
              "min": 887.0373999999993,
              "max": 1440.0607,
              "hz": 0.8447632119002265,
              "period": 1183.7636700000003,
              "mean": 1183.7636700000003,
              "variance": 40841.130494202436,
              "sd": 202.09188626514037,
              "sem": 63.90706572375423,
              "df": 9,
              "critical": 2.262,
              "moe": 144.55778266713207,
              "p75": 1336.0525000000016,
              "p99": 1440.0607,
              "p995": 1440.0607,
              "p999": 1440.0607,
              "sampleCount": 10,
              "median": 1284.3038500000002
            }
          ]
        }
      ]
    }
  ]
}
