{
  "files": [
    {
      "filepath": "src/services/exec/createVfsBackend.bench.ts",
      "groups": [
        {
          "fullName": "src/services/exec/createVfsBackend.bench.ts > createVfsBackend — in-process node -e vs native spawn (hot path)",
          "benchmarks": [
            {
              "id": "1514013446_0_0",
              "name": "native",
              "rank": 2,
              "rme": 8.39209070312351,
              "samples": [],
              "totalTime": 1616.6446000000008,
              "min": 132.05049999999983,
              "max": 190.88400000000024,
              "hz": 6.185651441262968,
              "period": 161.66446000000008,
              "mean": 161.66446000000008,
              "variance": 359.73628798933765,
              "sd": 18.966715266206155,
              "sem": 5.9978019973098275,
              "df": 9,
              "critical": 2.262,
              "moe": 13.56702811791483,
              "p75": 176.96960000000036,
              "p99": 190.88400000000024,
              "p995": 190.88400000000024,
              "p999": 190.88400000000024,
              "sampleCount": 10,
              "median": 158.21755000000007
            },
            {
              "id": "1514013446_0_1",
              "name": "vfs",
              "rank": 1,
              "rme": 2.517271703932489,
              "samples": [],
              "totalTime": 500.012099999964,
              "min": 0.012299999999413558,
              "max": 3.41399999999976,
              "hz": 55356.66036882306,
              "period": 0.018064673579246505,
              "mean": 0.018064673579246505,
              "variance": 0.0014899053442381158,
              "sd": 0.03859929201731705,
              "sem": 0.00023200863082558195,
              "df": 27678,
              "critical": 1.96,
              "moe": 0.0004547369164181406,
              "p75": 0.01669999999967331,
              "p99": 0.053999999999632564,
              "p995": 0.0704000000000633,
              "p999": 0.15819999999985157,
              "sampleCount": 27679,
              "median": 0.01499999999987267
            }
          ]
        },
        {
          "fullName": "src/services/exec/createVfsBackend.bench.ts > createVfsBackend — fall-back command vs native (no added overhead)",
          "benchmarks": [
            {
              "id": "1514013446_1_0",
              "name": "native",
              "rank": 1,
              "rme": 3.219410063685476,
              "samples": [],
              "totalTime": 1248.6526000000003,
              "min": 118.8114999999998,
              "max": 137.10670000000027,
              "hz": 8.008632665322603,
              "period": 124.86526000000003,
              "mean": 124.86526000000003,
              "variance": 31.582801084888576,
              "sd": 5.619857745965513,
              "sem": 1.7771550603390964,
              "df": 9,
              "critical": 2.262,
              "moe": 4.019924746487036,
              "p75": 128.65419999999995,
              "p99": 137.10670000000027,
              "p995": 137.10670000000027,
              "p999": 137.10670000000027,
              "sampleCount": 10,
              "median": 123.10985000000028
            },
            {
              "id": "1514013446_1_1",
              "name": "vfs",
              "rank": 2,
              "rme": 3.5027416752465603,
              "samples": [],
              "totalTime": 1302.2013000000006,
              "min": 121.17190000000028,
              "max": 144.3633000000009,
              "hz": 7.679304267320264,
              "period": 130.22013000000007,
              "mean": 130.22013000000007,
              "variance": 40.661862471224445,
              "sd": 6.376665466466345,
              "sem": 2.0164786750973698,
              "df": 9,
              "critical": 2.262,
              "moe": 4.561274763070251,
              "p75": 133.77819999999974,
              "p99": 144.3633000000009,
              "p995": 144.3633000000009,
              "p999": 144.3633000000009,
              "sampleCount": 10,
              "median": 128.6237000000001
            }
          ]
        }
      ]
    },
    {
      "filepath": "src/services/sandbox/createSandbox.bench.ts",
      "groups": [
        {
          "fullName": "src/services/sandbox/createSandbox.bench.ts > createSandbox exec vs native baseline",
          "benchmarks": [
            {
              "id": "240724558_0_0",
              "name": "native",
              "rank": 2,
              "rme": 5.033282780672428,
              "samples": [],
              "totalTime": 1416.2399000000003,
              "min": 126.05090000000018,
              "max": 152.90650000000005,
              "hz": 7.060950620018542,
              "period": 141.62399000000002,
              "mean": 141.62399000000002,
              "variance": 99.30957231210961,
              "sd": 9.965418822714357,
              "sem": 3.151342131729108,
              "df": 9,
              "critical": 2.262,
              "moe": 7.1283359019712424,
              "p75": 151.68550000000005,
              "p99": 152.90650000000005,
              "p995": 152.90650000000005,
              "p999": 152.90650000000005,
              "sampleCount": 10,
              "median": 141.3396499999999
            },
            {
              "id": "240724558_0_1",
              "name": "sandbox",
              "rank": 1,
              "rme": 5.9081634928105515,
              "samples": [],
              "totalTime": 1402.8902000000007,
              "min": 127.53420000000006,
              "max": 164.11279999999988,
              "hz": 7.128141603669335,
              "period": 140.28902000000008,
              "mean": 140.28902000000008,
              "variance": 134.26634639066646,
              "sd": 11.587335603609073,
              "sem": 3.6642372520166653,
              "df": 9,
              "critical": 2.262,
              "moe": 8.288504664061698,
              "p75": 149.97540000000026,
              "p99": 164.11279999999988,
              "p995": 164.11279999999988,
              "p999": 164.11279999999988,
              "sampleCount": 10,
              "median": 136.39195000000018
            }
          ]
        }
      ]
    },
    {
      "filepath": "src/services/source/loadFilesSource.bench.ts",
      "groups": [
        {
          "fullName": "src/services/source/loadFilesSource.bench.ts > loadFilesSource — load + dispose by file count",
          "benchmarks": [
            {
              "id": "-501610611_0_0",
              "name": "files:1",
              "rank": 1,
              "rme": 2.7399046019321722,
              "samples": [],
              "totalTime": 500.16259999999943,
              "min": 3.4483000000000175,
              "max": 8.754100000000108,
              "hz": 231.92457812719329,
              "period": 4.311746551724133,
              "mean": 4.311746551724133,
              "variance": 0.41216569955322824,
              "sd": 0.6420013236382214,
              "sem": 0.059608326451557225,
              "df": 115,
              "critical": 1.9819,
              "moe": 0.11813774219434127,
              "p75": 4.528999999999996,
              "p99": 6.380699999999933,
              "p995": 8.754100000000108,
              "p999": 8.754100000000108,
              "sampleCount": 116,
              "median": 4.206399999999917
            },
            {
              "id": "-501610611_0_1",
              "name": "files:100",
              "rank": 2,
              "rme": 8.732127552343135,
              "samples": [],
              "totalTime": 1479.6821999999988,
              "min": 121.4960000000001,
              "max": 182.78189999999995,
              "hz": 6.7582079449222325,
              "period": 147.9682199999999,
              "mean": 147.9682199999999,
              "variance": 326.28104123733067,
              "sd": 18.063251125900084,
              "sem": 5.712101550544516,
              "df": 9,