{
  "files": [
    {
      "filepath": "C:/Users/jimmyc/Documents/Esposter/packages/sandbox-runtime/src/services/sandbox/createSandbox.bench.ts",
      "groups": [
        {
          "fullName": "src/services/sandbox/createSandbox.bench.ts > createSandbox exec vs native baseline",
          "benchmarks": [
            {
              "id": "240724558_0_0",
              "name": "native",
              "rank": 2,
              "rme": 6.600627286208008,
              "samples": [],
              "totalTime": 1201.6673999999996,
              "min": 104.4342999999999,
              "max": 141.01330000000007,
              "hz": 8.321770233593757,
              "period": 120.16673999999996,
              "mean": 120.16673999999996,
              "variance": 122.95714721377774,
              "sd": 11.088604385303759,
              "sem": 3.50652459300912,
              "df": 9,
              "critical": 2.262,
              "moe": 7.931758629386629,
              "p75": 127.98039999999992,
              "p99": 141.01330000000007,
              "p995": 141.01330000000007,
              "p999": 141.01330000000007,
              "sampleCount": 10,
              "median": 120.99459999999999
            },
            {
              "id": "240724558_0_1",
              "name": "sandbox",
              "rank": 1,
              "rme": 6.098342297426552,
              "samples": [],
              "totalTime": 1186.1090999999997,
              "min": 101.73849999999993,
              "max": 136.9625000000001,
              "hz": 8.430927644008467,
              "period": 118.61090999999996,
              "mean": 118.61090999999996,
              "variance": 102.25573378766688,
              "sd": 10.11215772165698,
              "sem": 3.197745045929504,
              "df": 9,
              "critical": 2.262,
              "moe": 7.2332992938925385,
              "p75": 122.22980000000007,
              "p99": 136.9625000000001,
              "p995": 136.9625000000001,
              "p999": 136.9625000000001,
              "sampleCount": 10,
              "median": 117.74720000000002
            }
          ]
        }
      ]
    },
    {
      "filepath": "C:/Users/jimmyc/Documents/Esposter/packages/sandbox-runtime/src/services/source/loadFilesSource.bench.ts",
      "groups": [
        {
          "fullName": "src/services/source/loadFilesSource.bench.ts > loadFilesSource — load + dispose by file count",
          "benchmarks": [
            {
              "id": "-501610611_0_0",
              "name": "files:1",
              "rank": 1,
              "rme": 3.073907891662921,
              "samples": [],
              "totalTime": 503.2301000000016,
              "min": 2.0797000000000025,
              "max": 5.8940000000000055,
              "hz": 323.90749281491605,
              "period": 3.087301226993875,
              "mean": 3.087301226993875,
              "variance": 0.38213355320837356,
              "sd": 0.6181695181811973,
              "sem": 0.04841877349794434,
              "df": 162,
              "critical": 1.96,
              "moe": 0.0949007960559709,
              "p75": 3.2898999999999887,
              "p99": 5.8659999999999854,
              "p995": 5.8940000000000055,
              "p999": 5.8940000000000055,
              "sampleCount": 163,
              "median": 2.999300000000062
            },
            {
              "id": "-501610611_0_1",
              "name": "files:100",
              "rank": 2,
              "rme": 10.13745357133661,
              "samples": [],
              "totalTime": 824.9799,
              "min": 72.45000000000005,
              "max": 106.33550000000014,
              "hz": 12.121507445211694,
              "period": 82.49799,
              "mean": 82.49799,
              "variance": 136.69709649433506,
              "sd": 11.69175335415245,
              "sem": 3.697257044003501,
              "df": 9,
              "critical": 2.262,
              "moe": 8.36319543353592,
              "p75": 86.5936999999999,
              "p99": 106.33550000000014,
              "p995": 106.33550000000014,
              "p999": 106.33550000000014,
              "sampleCount": 10,
              "median": 76.70504999999991
            },
            {
              "id": "-501610611_0_2",
              "name": "files:1000",
              "rank": 3,
              "rme": 7.107286339841494,
              "samples": [],
              "totalTime": 7792.8412999999955,
              "min": 711.4658999999992,
              "max": 917.2573999999986,
              "hz": 1.283229006601226,
              "period": 779.2841299999995,
              "mean": 779.2841299999995,
              "variance": 5995.343741124509,
              "sd": 77.4296050688915,
              "sem": 24.48539103450159,
              "df": 9,
              "critical": 2.262,
              "moe": 55.385954520042596,
              "p75": 819.7338,
              "p99": 917.2573999999986,
              "p995": 917.2573999999986,
              "p999": 917.2573999999986,
              "sampleCount": 10,
              "median": 746.7754999999988
            }
          ]
        }
      ]
    }
  ]
}
