{
  "files": [
    {
      "filepath": "src/services/sandbox/createSandbox.bench.ts",
      "groups": [
        {
          "benchmarks": [
            {
              "hz": 35.14486992637627,
              "mean": 28.453654888888877,
              "name": "native",
              "p99": 32.400621,
              "rme": 2.7412632099407133,
              "sampleCount": 18,
              "sd": 1.5683485779310835
            },
            {
              "hz": 36.26305361856824,
              "mean": 27.576276684210537,
              "name": "sandbox",
              "p99": 31.81135900000004,
              "rme": 2.8224681222113484,
              "sampleCount": 19,
              "sd": 1.6147876584940366
            }
          ],
          "fullName": "createSandbox exec vs native baseline"
        }
      ]
    }
  ]
}
