{
  "files": [
    {
      "filepath": "src/services/sandbox/createSandbox.bench.ts",
      "groups": [
        {
          "benchmarks": [
            {
              "hz": 4.839245350658734,
              "mean": 206.64379000000002,
              "name": "native",
              "p99": 259.8436999999999,
              "rme": 13.705095647817961,
              "sampleCount": 10,
              "sd": 39.59240002521403
            },
            {
              "hz": 4.5035587571655,
              "mean": 222.04662,
              "name": "sandbox",
              "p99": 393.82800000000043,
              "rme": 21.895128083075537,
              "sampleCount": 10,
              "sd": 67.96714949285449
            }
          ],
          "fullName": "createSandbox exec vs native baseline"
        }
      ]
    }
  ]
}
