{
  "files": [
    {
      "filepath": "src/services/sandbox/createSandbox.bench.ts",
      "groups": [
        {
          "benchmarks": [
            {
              "hz": 36.74098633382272,
              "mean": 27.217560000000002,
              "name": "native",
              "p99": 32.31149199999993,
              "rme": 3.3702102195506956,
              "sampleCount": 19,
              "sd": 1.9030794876111428
            },
            {
              "hz": 36.498620416501076,
              "mean": 27.39829584210527,
              "name": "sandbox",
              "p99": 29.700404000000162,
              "rme": 2.31747967539143,
              "sampleCount": 19,
              "sd": 1.3173168072172885
            }
          ],
          "fullName": "createSandbox exec vs native baseline"
        }
      ]
    }
  ]
}
