{
  "files": [
    {
      "filepath": "src/services/sandbox/createSandbox.bench.ts",
      "groups": [
        {
          "benchmarks": [
            {
              "hz": 5.654434334629991,
              "mean": 176.85234999999997,
              "name": "native",
              "p99": 209.82789999999977,
              "rme": 8.321150504264635,
              "sampleCount": 10,
              "sd": 20.57318879967865
            },
            {
              "hz": 5.581705535896478,
              "mean": 179.15671000000003,
              "name": "sandbox",
              "p99": 202.21129999999994,
              "rme": 5.711903280363419,
              "sampleCount": 10,
              "sd": 14.306102188262416
            }
          ],
          "fullName": "createSandbox exec vs native baseline"
        }
      ]
    }
  ]
}
