{
  "files": [
    {
      "filepath": "src/services/exec/os/createOsBackend.bench.ts",
      "groups": [
        {
          "benchmarks": [
            {
              "mean": 21.474002000000006,
              "name": "native",
              "p99": 22.389902000000006,
              "rme": 1.6047828293284983,
              "sampleCount": 10
            },
            {
              "mean": 39.33036370000001,
              "name": "os/linux",
              "p99": 40.11700399999995,
              "rme": 1.1717395632832388,
              "sampleCount": 10
            }
          ],
          "fullName": "createOsBackend - many small file writes + reads (I/O-class)"
        }
      ]
    }
  ]
}
