{
  "files": [
    {
      "filepath": "src/services/exec/createOsBackend.bench.ts",
      "groups": [
        {
          "benchmarks": [
            {
              "hz": 15.556656835492191,
              "mean": 64.28116339999997,
              "name": "native",
              "p99": 81.54676099999983,
              "rme": 11.859611397295943,
              "sampleCount": 10,
              "sd": 10.657653256074996
            },
            {
              "hz": 8.413494890081125,
              "mean": 118.85667170000002,
              "name": "os",
              "p99": 165.09592199999997,
              "rme": 16.501807028336493,
              "sampleCount": 10,
              "sd": 27.419685443821276
            }
          ],
          "fullName": "createOsBackend — many small file writes + reads (I/O-class)"
        }
      ]
    }
  ]
}
