{
  "files": [
    {
      "filepath": "src/services/exec/createVfsBackend.bench.ts",
      "groups": [
        {
          "benchmarks": [
            {
              "hz": 7.369137565512554,
              "mean": 135.70109,
              "name": "native",
              "p99": 155.2039000000002,
              "rme": 6.6601725663197415,
              "sampleCount": 10,
              "sd": 12.635028255471239
            },
            {
              "hz": 47179.08472575635,
              "mean": 0.02119583298007629,
              "name": "vfs",
              "p99": 0.06930000000011205,
              "rme": 2.1521166731328205,
              "sampleCount": 23590,
              "sd": 0.03574573240595477
            }
          ],
          "fullName": "createVfsBackend — in-process node -e vs native spawn (hot path)"
        },
        {
          "benchmarks": [
            {
              "hz": 7.275295055047422,
              "mean": 137.45147000000014,
              "name": "native",
              "p99": 155.94650000000001,
              "rme": 7.122352612255094,
              "sampleCount": 10,
              "sd": 13.686117338144046
            },
            {
              "hz": 5.594761155170478,
              "mean": 178.73863999999995,
              "name": "vfs",
              "p99": 305.64789999999994,
              "rme": 22.568035197247045,
              "sampleCount": 10,
              "sd": 56.39227286787517
            }
          ],
          "fullName": "createVfsBackend — fall-back command vs native (no added overhead)"
        }
      ]
    }
  ]
}
