{
  "files": [
    {
      "filepath": "src/services/exec/createOsBackend.bench.ts",
      "groups": [
        {
          "benchmarks": [
            {
              "mean": 20.454272899999996,
              "name": "native",
              "p99": 21.665403999999967,
              "rme": 1.7810768766597853,
              "sampleCount": 10
            },
            {
              "mean": 38.425005399999996,
              "name": "os/linux",
              "p99": 39.48730599999999,
              "rme": 1.2422281004857396,
              "sampleCount": 10
            }
          ],
          "fullName": "createOsBackend — many small file writes + reads (I/O-class)"
        }
      ]
    }
  ]
}
