{
  "files": [
    {
      "filepath": "src/services/exec/createOsBackend.bench.ts",
      "groups": [
        {
          "benchmarks": [
            {
              "hz": 16.427240026581508,
              "mean": 60.874498599999995,
              "name": "native",
              "p99": 74.34650399999964,
              "rme": 10.999953318062762,
              "sampleCount": 10,
              "sd": 9.36124558176231
            },
            {
              "hz": 9.477528396805152,
              "mean": 105.5127411,
              "name": "os",
              "p99": 135.84545300000036,
              "rme": 10.169758398703557,
              "sampleCount": 10,
              "sd": 15.001094283352543
            }
          ],
          "fullName": "createOsBackend — many small file writes + reads (I/O-class)"
        }
      ]
    }
  ]
}
