{
  "files": [
    {
      "filepath": "src/services/exec/createOsBackend.bench.ts",
      "groups": [
        {
          "benchmarks": [
            {
              "mean": 31.60146709999999,
              "name": "native",
              "p99": 32.218822999999986,
              "rme": 0.8939618194064809,
              "sampleCount": 10
            },
            {
              "mean": 37.091954300000054,
              "name": "os",
              "p99": 38.22317700000008,
              "rme": 1.2565191245928595,
              "sampleCount": 10
            }
          ],
          "fullName": "createOsBackend — many small file writes + reads (I/O-class)"
        }
      ]
    }
  ]
}
