{
  "files": [
    {
      "filepath": "src/services/source/loadFilesSource.bench.ts",
      "groups": [
        {
          "benchmarks": [
            {
              "hz": 275.40347607083015,
              "mean": 3.6310362318840634,
              "name": "files:1",
              "p99": 5.085399999999936,
              "rme": 2.0570438665586397,
              "sampleCount": 138,
              "sd": 0.4476696039470486
            },
            {
              "hz": 8.921948475033805,
              "mean": 112.08313999999996,
              "name": "files:100",
              "p99": 141.25599999999986,
              "rme": 8.753190172899792,
              "sampleCount": 10,
              "sd": 13.715576054107226
            },
            {
              "hz": 1.0519858700203497,
              "mean": 950.5831100000003,
              "name": "files:1000",
              "p99": 1290.604800000001,
              "rme": 10.270033598693207,
              "sampleCount": 10,
              "sd": 136.4801079340174
            }
          ],
          "fullName": "loadFilesSource — load + dispose by file count"
        }
      ]
    }
  ]
}
