{
  "files": [
    {
      "filepath": "src/services/source/loadFilesSource.bench.ts",
      "groups": [
        {
          "benchmarks": [
            {
              "hz": 462.3918593744713,
              "mean": 2.162667831896545,
              "name": "files:1",
              "p99": 2.6952689999999393,
              "rme": 0.8408721624959677,
              "sampleCount": 232,
              "sd": 0.1413213302406528
            },
            {
              "hz": 28.83952347332546,
              "mean": 34.67463673333334,
              "name": "files:100",
              "p99": 36.10883199999989,
              "rme": 1.4671743169114193,
              "sampleCount": 15,
              "sd": 0.9185693896597461
            },
            {
              "hz": 2.9585789205563153,
              "mean": 338.00010979999996,
              "name": "files:1000",
              "p99": 349.0060739999999,
              "rme": 1.3540357718049394,
              "sampleCount": 10,
              "sd": 6.398149427786924
            }
          ],
          "fullName": "loadFilesSource — load + dispose by file count"
        }
      ]
    }
  ]
}
