{
  "files": [
    {
      "filepath": "src/services/source/loadFilesSource.bench.ts",
      "groups": [
        {
          "benchmarks": [
            {
              "hz": 208.6239166458043,
              "mean": 4.793314285714286,
              "name": "files:1",
              "p99": 7.728599999999915,
              "rme": 3.6109321152589384,
              "sampleCount": 105,
              "sd": 0.894300276798789
            },
            {
              "hz": 7.769398653982762,
              "mean": 128.71008999999998,
              "name": "files:100",
              "p99": 141.87509999999975,
              "rme": 7.159668063444048,
              "sampleCount": 10,
              "sd": 12.882877624406968
            },
            {
              "hz": 0.7227129864983125,
              "mean": 1383.6751499999993,
              "name": "files:1000",
              "p99": 1798.9221999999972,
              "rme": 8.392861515263236,
              "sampleCount": 10,
              "sd": 162.3497401787412
            }
          ],
          "fullName": "loadFilesSource — load + dispose by file count"
        }
      ]
    }
  ]
}
