{
  "files": [
    {
      "filepath": "src/services/source/loadFilesSource.bench.ts",
      "groups": [
        {
          "benchmarks": [
            {
              "hz": 444.91857379583524,
              "mean": 2.247602278026903,
              "name": "files:1",
              "p99": 2.7569990000000644,
              "rme": 1.0293546877350859,
              "sampleCount": 223,
              "sd": 0.176271000860124
            },
            {
              "hz": 27.324152872069703,
              "mean": 36.597657928571444,
              "name": "files:100",
              "p99": 38.68405799999982,
              "rme": 1.7249354148869245,
              "sampleCount": 14,
              "sd": 1.0935443450175348
            },
            {
              "hz": 2.856930676982805,
              "mean": 350.02599400000025,
              "name": "files:1000",
              "p99": 376.10779999999977,
              "rme": 1.92240057415214,
              "sampleCount": 10,
              "sd": 9.407009540834684
            }
          ],
          "fullName": "loadFilesSource — load + dispose by file count"
        }
      ]
    }
  ]
}
