{
  "files": [
    {
      "filepath": "src/services/source/loadFilesSource.bench.ts",
      "groups": [
        {
          "benchmarks": [
            {
              "mean": 1.7129575999999986,
              "name": "files:1",
              "p99": 1.8822289999999953,
              "rme": 5.303706007922275,
              "sampleCount": 10
            },
            {
              "mean": 66.94329320000004,
              "name": "files:100",
              "p99": 87.89083000000005,
              "rme": 17.29791273283104,
              "sampleCount": 10
            },
            {
              "mean": 396.95117469999997,
              "name": "files:1000",
              "p99": 504.6615119999997,
              "rme": 7.438668515209382,
              "sampleCount": 10
            }
          ],
          "fullName": "loadFilesSource — load + dispose by file count"
        }
      ]
    }
  ]
}
