{
  "files": [
    {
      "filepath": "src/services/source/loadFilesSource.bench.ts",
      "groups": [
        {
          "benchmarks": [
            {
              "hz": 337.73172618062483,
              "mean": 2.9609300000000074,
              "name": "files:1",
              "p99": 3.483600000000024,
              "rme": 6.11610860984279,
              "sampleCount": 10,
              "sd": 0.25316911804825715
            },
            {
              "hz": 10.892368153329688,
              "mean": 91.8074,
              "name": "files:100",
              "p99": 98.90069999999992,
              "rme": 2.8509675616488668,
              "sampleCount": 10,
              "sd": 3.659125993093574
            },
            {
              "hz": 1.119181929939256,
              "mean": 893.50978,
              "name": "files:1000",
              "p99": 987.0205000000005,
              "rme": 3.1747825800342624,
              "sampleCount": 10,
              "sd": 39.65707681880858
            }
          ],
          "fullName": "loadFilesSource — load + dispose by file count"
        }
      ]
    }
  ]
}
