{
  "files": [
    {
      "filepath": "src/services/source/loadFilesSource.bench.ts",
      "groups": [
        {
          "benchmarks": [
            {
              "hz": 350.2629669276805,
              "mean": 2.8549977999999983,
              "name": "files:1",
              "p99": 3.6382209999999873,
              "rme": 11.829697658460645,
              "sampleCount": 10,
              "sd": 0.4721574237167499
            },
            {
              "hz": 26.956718586465797,
              "mean": 37.09650330000001,
              "name": "files:100",
              "p99": 38.328305,
              "rme": 1.5938234545243315,
              "sampleCount": 10,
              "sd": 0.8265718069675412
            },
            {
              "hz": 3.003617351891916,
              "mean": 332.93188939999993,
              "name": "files:1000",
              "p99": 344.5546340000001,
              "rme": 1.3557255802541819,
              "sampleCount": 10,
              "sd": 6.31007593234347
            }
          ],
          "fullName": "loadFilesSource — load + dispose by file count"
        }
      ]
    }
  ]
}
