{
  "files": [
    {
      "filepath": "src/services/source/loadFilesSource.bench.ts",
      "groups": [
        {
          "benchmarks": [
            {
              "mean": 1.9339699999999993,
              "name": "files:1",
              "p99": 2.878399999999999,
              "rme": 13.596214235184775,
              "sampleCount": 10
            },
            {
              "mean": 47.759960000000014,
              "name": "files:100",
              "p99": 49.44020000000012,
              "rme": 1.8308811543457773,
              "sampleCount": 10
            },
            {
              "mean": 445.92098999999996,
              "name": "files:1000",
              "p99": 465.0486000000001,
              "rme": 1.9960043361435555,
              "sampleCount": 10
            }
          ],
          "fullName": "loadFilesSource — load + dispose by file count"
        }
      ]
    }
  ]
}
