{
  "files": [
    {
      "filepath": "src/services/source/loadFilesSource.bench.ts",
      "groups": [
        {
          "benchmarks": [
            {
              "hz": 294.41980884483644,
              "mean": 3.396510594594587,
              "name": "files:1",
              "p99": 4.388276000000019,
              "rme": 1.6251411224675705,
              "sampleCount": 148,
              "sd": 0.3426090571832889
            },
            {
              "hz": 12.338285089367794,
              "mean": 81.04854059999998,
              "name": "files:100",
              "p99": 104.4593319999999,
              "rme": 10.336210539615216,
              "sampleCount": 10,
              "sd": 11.711538366846915
            },
            {
              "hz": 1.314325720715869,
              "mean": 760.8464052999996,
              "name": "files:1000",
              "p99": 1990.5933989999994,
              "rme": 41.64330465555974,
              "sampleCount": 10,
              "sd": 442.9447704970628
            }
          ],
          "fullName": "loadFilesSource — load + dispose by file count"
        }
      ]
    }
  ]
}
