{
  "files": [
    {
      "filepath": "src/services/source/loadFilesSource.bench.ts",
      "groups": [
        {
          "benchmarks": [
            {
              "mean": 2.699215099999981,
              "name": "files:1",
              "p99": 3.2136109999999576,
              "rme": 6.778034814166101,
              "sampleCount": 10
            },
            {
              "mean": 41.71293650000001,
              "name": "files:100",
              "p99": 46.884303000000045,
              "rme": 3.654579499620762,
              "sampleCount": 10
            },
            {
              "mean": 347.43390239999997,
              "name": "files:1000",
              "p99": 365.5555909999998,
              "rme": 1.9313870111769147,
              "sampleCount": 10
            }
          ],
          "fullName": "loadFilesSource — load + dispose by file count"
        }
      ]
    }
  ]
}
