{
  "files": [
    {
      "filepath": "src/services/source/loadFilesSource.bench.ts",
      "groups": [
        {
          "benchmarks": [
            {
              "mean": 2.925479999999993,
              "name": "files:1",
              "p99": 3.2923000000000116,
              "rme": 5.059674549204825,
              "sampleCount": 10
            },
            {
              "mean": 80.32328000000004,
              "name": "files:100",
              "p99": 84.62630000000013,
              "rme": 2.177000513992405,
              "sampleCount": 10
            },
            {
              "mean": 1005.28186,
              "name": "files:1000",
              "p99": 1127.0442999999996,
              "rme": 4.784256386291105,
              "sampleCount": 10
            }
          ],
          "fullName": "loadFilesSource — load + dispose by file count"
        }
      ]
    }
  ]
}
