{
  "files": [
    {
      "filepath": "src/services/source/loadFilesSource.bench.ts",
      "groups": [
        {
          "benchmarks": [
            {
              "mean": 2.6914588000000093,
              "name": "files:1",
              "p99": 2.936971000000028,
              "rme": 5.590431306421766,
              "sampleCount": 10
            },
            {
              "mean": 54.75663840000008,
              "name": "files:100",
              "p99": 68.9934340000001,
              "rme": 11.699059351496297,
              "sampleCount": 10
            },
            {
              "mean": 420.4637447000001,
              "name": "files:1000",
              "p99": 474.81345400000055,
              "rme": 3.6909856536029415,
              "sampleCount": 10
            }
          ],
          "fullName": "loadFilesSource — load + dispose by file count"
        }
      ]
    }
  ]
}
