{
  "files": [
    {
      "filepath": "src/services/source/loadFilesSource.bench.ts",
      "groups": [
        {
          "benchmarks": [
            {
              "mean": 1.3888002,
              "name": "files:1",
              "p99": 1.7295000000000016,
              "rme": 10.330406982283113,
              "sampleCount": 10
            },
            {
              "mean": 32.941183699999996,
              "name": "files:100",
              "p99": 34.75490400000001,
              "rme": 2.1207896537718214,
              "sampleCount": 10
            },
            {
              "mean": 324.14682330000005,
              "name": "files:1000",
              "p99": 367.6569520000003,
              "rme": 4.483699750182783,
              "sampleCount": 10
            }
          ],
          "fullName": "loadFilesSource — load + dispose by file count"
        }
      ]
    }
  ]
}
