{
  "files": [
    {
      "filepath": "src/services/source/loadFilesSource.bench.ts",
      "groups": [
        {
          "benchmarks": [
            {
              "mean": 1.6196193000000108,
              "name": "files:1",
              "p99": 2.0671740000000227,
              "rme": 10.389888532223825,
              "sampleCount": 10
            },
            {
              "mean": 37.1927573,
              "name": "files:100",
              "p99": 42.233564,
              "rme": 4.351173190635352,
              "sampleCount": 10
            },
            {
              "mean": 365.7440111999999,
              "name": "files:1000",
              "p99": 396.42336200000045,
              "rme": 3.9127113386261994,
              "sampleCount": 10
            }
          ],
          "fullName": "loadFilesSource — load + dispose by file count"
        }
      ]
    }
  ]
}
