{
  "files": [
    {
      "filepath": "src/services/source/loadFilesSource.bench.ts",
      "groups": [
        {
          "benchmarks": [
            {
              "mean": 1.2915900999999992,
              "name": "files:1",
              "p99": 1.501800000000003,
              "rme": 6.638009558881344,
              "sampleCount": 10
            },
            {
              "mean": 32.727963100000025,
              "name": "files:100",
              "p99": 34.627103000000034,
              "rme": 2.6018989874339904,
              "sampleCount": 10
            },
            {
              "mean": 320.13715099999996,
              "name": "files:1000",
              "p99": 341.1153330000002,
              "rme": 2.4734898811808317,
              "sampleCount": 10
            }
          ],
          "fullName": "loadFilesSource — load + dispose by file count"
        }
      ]
    }
  ]
}
