{
  "files": [
    {
      "filepath": "src/services/virrun/createVirrun.bench.ts",
      "groups": [
        {
          "benchmarks": [
            {
              "hz": 33.92774470636933,
              "mean": 29.474402400000013,
              "name": "native",
              "p99": 33.370086000000015,
              "rme": 4.958641104375176,
              "sampleCount": 10,
              "sd": 2.043219778752816
            },
            {
              "hz": 35.47860086192278,
              "mean": 28.186004400000023,
              "name": "virrun",
              "p99": 31.37552500000004,
              "rme": 3.0808556432789254,
              "sampleCount": 10,
              "sd": 1.2139820471568603
            }
          ],
          "fullName": "createVirrun exec vs native baseline"
        }
      ]
    }
  ]
}
