{
  "files": [
    {
      "filepath": "src/services/virrun/createVirrun.bench.ts",
      "groups": [
        {
          "benchmarks": [
            {
              "mean": 38.58259720000001,
              "name": "native",
              "p99": 41.88212300000009,
              "rme": 4.225812338576372,
              "sampleCount": 10
            },
            {
              "mean": 38.55070050000002,
              "name": "virrun",
              "p99": 42.793948,
              "rme": 5.0963648023289645,
              "sampleCount": 10
            }
          ],
          "fullName": "createVirrun exec vs native baseline"
        }
      ]
    }
  ]
}
