{
  "files": [
    {
      "filepath": "src/services/virrun/createVirrun.bench.ts",
      "groups": [
        {
          "benchmarks": [
            {
              "mean": 29.901347999999995,
              "name": "native",
              "p99": 32.67151100000001,
              "rme": 3.856396952092954,
              "sampleCount": 10
            },
            {
              "mean": 27.842387900000006,
              "name": "virrun",
              "p99": 30.789957000000072,
              "rme": 3.8311524135316173,
              "sampleCount": 10
            }
          ],
          "fullName": "createVirrun exec vs native baseline"
        }
      ]
    }
  ]
}
