{
  "files": [
    {
      "filepath": "src/services/virrun/createVirrun.bench.ts",
      "groups": [
        {
          "benchmarks": [
            {
              "hz": 4.349221052334917,
              "mean": 229.92622999999998,
              "name": "native",
              "p99": 249.82770000000028,
              "rme": 4.159784277173835,
              "sampleCount": 10,
              "sd": 13.371087379869742
            },
            {
              "hz": 4.552540367603068,
              "mean": 219.65757999999997,
              "name": "virrun",
              "p99": 233.78570000000036,
              "rme": 3.2244750190241414,
              "sampleCount": 10,
              "sd": 9.901764903041972
            }
          ],
          "fullName": "createVirrun exec vs native baseline"
        }
      ]
    }
  ]
}
