{
  "files": [
    {
      "filepath": "src/services/virrun/createVirrun.bench.ts",
      "groups": [
        {
          "benchmarks": [
            {
              "mean": 235.09807000000006,
              "name": "native",
              "p99": 263.0345000000002,
              "rme": 5.621136479340391,
              "sampleCount": 10
            },
            {
              "mean": 227.39952000000002,
              "name": "virrun",
              "p99": 273.5518000000002,
              "rme": 6.22967923456856,
              "sampleCount": 10
            }
          ],
          "fullName": "createVirrun exec vs native baseline"
        }
      ]
    }
  ]
}
