{
  "files": [
    {
      "filepath": "packages/virrun/src/services/virrun/createVirrun.bench.ts",
      "groups": [
        {
          "benchmarks": [
            {
              "hz": 7.014542127866966,
              "mean": 142.56098,
              "name": "native",
              "p99": 156.2750000000001,
              "rme": 4.560641005860664,
              "sampleCount": 10,
              "sd": 9.089373699949535
            },
            {
              "hz": 7.453534294531176,
              "mean": 134.16454000000004,
              "name": "virrun",
              "p99": 144.89089999999942,
              "rme": 4.395622971085061,
              "sampleCount": 10,
              "sd": 8.244523868631884
            }
          ],
          "fullName": "createVirrun exec vs native baseline"
        }
      ]
    }
  ]
}
