{
  "files": [
    {
      "filepath": "src/services/virrun/createVirrun.bench.ts",
      "groups": [
        {
          "benchmarks": [
            {
              "mean": 47.667999999999985,
              "name": "native",
              "p99": 52.399000000000115,
              "rme": 3.110821454887318,
              "sampleCount": 10
            },
            {
              "mean": 47.098339999999986,
              "name": "virrun",
              "p99": 53.01319999999987,
              "rme": 3.9472365960788305,
              "sampleCount": 10
            }
          ],
          "fullName": "createVirrun exec vs native baseline"
        }
      ]
    }
  ]
}
