{
  "files": [
    {
      "filepath": "src/services/virrun/createVirrun.bench.ts",
      "groups": [
        {
          "benchmarks": [
            {
              "mean": 30.143152900000008,
              "name": "native",
              "p99": 33.03760299999999,
              "rme": 4.0216147454689795,
              "sampleCount": 10
            },
            {
              "mean": 30.399012900000002,
              "name": "virrun",
              "p99": 34.009502999999995,
              "rme": 4.251061809825293,
              "sampleCount": 10
            }
          ],
          "fullName": "createVirrun exec vs native baseline"
        }
      ]
    }
  ]
}
