{
  "files": [
    {
      "filepath": "src/services/virrun/createVirrun.bench.ts",
      "groups": [
        {
          "benchmarks": [
            {
              "mean": 29.710534199999984,
              "name": "native",
              "p99": 32.656304999999975,
              "rme": 3.737876114514644,
              "sampleCount": 10
            },
            {
              "mean": 30.018334100000025,
              "name": "virrun",
              "p99": 32.69310500000006,
              "rme": 3.2616833564886463,
              "sampleCount": 10
            }
          ],
          "fullName": "createVirrun exec vs native baseline"
        }
      ]
    }
  ]
}
