{
  "files": [
    {
      "filepath": "src/services/virrun/createVirrun.bench.ts",
      "groups": [
        {
          "benchmarks": [
            {
              "mean": 33.2936361,
              "name": "native",
              "p99": 34.65745900000002,
              "rme": 2.2541228353393303,
              "sampleCount": 10
            },
            {
              "mean": 32.71668349999999,
              "name": "virrun",
              "p99": 34.888655999999855,
              "rme": 3.2590632212678377,
              "sampleCount": 10
            }
          ],
          "fullName": "createVirrun exec vs native baseline"
        }
      ]
    }
  ]
}
