{
  "files": [
    {
      "filepath": "src/services/virrun/createVirrun.bench.ts",
      "groups": [
        {
          "benchmarks": [
            {
              "hz": 15.577136279389963,
              "mean": 64.19665220000003,
              "name": "native",
              "p99": 77.70422500000006,
              "rme": 7.462797115393719,
              "sampleCount": 10,
              "sd": 6.6976340563680585
            },
            {
              "hz": 14.163856356910815,
              "mean": 70.60224100000005,
              "name": "virrun",
              "p99": 92.77571499999999,
              "rme": 10.403444845762483,
              "sampleCount": 10,
              "sd": 10.26840654365011
            }
          ],
          "fullName": "createVirrun exec vs native baseline"
        }
      ]
    }
  ]
}
