{
  "files": [
    {
      "filepath": "src/services/virrun/createVirrun.bench.ts",
      "groups": [
        {
          "benchmarks": [
            {
              "mean": 30.04231739999999,
              "name": "native",
              "p99": 32.38191799999993,
              "rme": 3.0826477777167636,
              "sampleCount": 10
            },
            {
              "mean": 29.95551180000001,
              "name": "virrun",
              "p99": 33.17727200000013,
              "rme": 4.244789653546734,
              "sampleCount": 10
            }
          ],
          "fullName": "createVirrun exec vs native baseline"
        }
      ]
    }
  ]
}
