{
  "files": [
    {
      "filepath": "scripts/checkDependencies/parseLockResolvedVersions.bench.ts",
      "groups": [
        {
          "benchmarks": [
            {
              "mean": 0.13713819999999827,
              "name": "catalogs section",
              "p99": 0.19809799999998745,
              "rme": 14.234132662495533,
              "sampleCount": 10
            },
            {
              "mean": 0.002879899999999225,
              "name": "importers section",
              "p99": 0.006898999999975786,
              "rme": 39.27914393739834,
              "sampleCount": 10
            }
          ],
          "fullName": "parseLockResolvedVersions"
        }
      ]
    }
  ]
}
