{
  "files": [
    {
      "filepath": "scripts/checkDependencies/parseLockResolvedVersions.bench.ts",
      "groups": [
        {
          "benchmarks": [
            {
              "hz": 5273.983439692027,
              "mean": 0.189609999999999,
              "name": "catalogs section",
              "p99": 0.2588000000000079,
              "rme": 11.475684893481434,
              "sampleCount": 10,
              "sd": 0.030419162454685778
            },
            {
              "hz": 191204.58890970924,
              "mean": 0.005230000000011614,
              "name": "importers section",
              "p99": 0.007400000000018281,
              "rme": 20.541321152694163,
              "sampleCount": 10,
              "sd": 0.0015018877010890635
            }
          ],
          "fullName": "parseLockResolvedVersions"
        }
      ]
    }
  ]
}
