{
  "files": [
    {
      "filepath": "scripts/checkDependencies/parseLockResolvedVersions.bench.ts",
      "groups": [
        {
          "benchmarks": [
            {
              "mean": 0.17000210000000493,
              "name": "catalogs section",
              "p99": 0.24659900000000334,
              "rme": 14.417048036809597,
              "sampleCount": 10
            },
            {
              "mean": 0.005274000000008527,
              "name": "importers section",
              "p99": 0.011732000000051812,
              "rme": 36.74484522885382,
              "sampleCount": 10
            }
          ],
          "fullName": "parseLockResolvedVersions"
        }
      ]
    }
  ]
}
