{
  "files": [
    {
      "filepath": "scripts/checkDependencies/parseLockResolvedVersions.bench.ts",
      "groups": [
        {
          "benchmarks": [
            {
              "mean": 0.26576999999999773,
              "name": "catalogs section",
              "p99": 0.3240000000000123,
              "rme": 7.903434623814487,
              "sampleCount": 10
            },
            {
              "mean": 0.00418000000000518,
              "name": "importers section",
              "p99": 0.008000000000009777,
              "rme": 33.161007345095925,
              "sampleCount": 10
            }
          ],
          "fullName": "parseLockResolvedVersions"
        }
      ]
    }
  ]
}
