{
  "files": [
    {
      "filepath": "scripts/checkDependencies/parseLockResolvedVersions.bench.ts",
      "groups": [
        {
          "benchmarks": [
            {
              "mean": 0.14571999999999719,
              "name": "catalogs section",
              "p99": 0.2132000000000005,
              "rme": 17.57791788165184,
              "sampleCount": 10
            },
            {
              "mean": 0.0031399999999990767,
              "name": "importers section",
              "p99": 0.00719999999998322,
              "rme": 38.07666313562435,
              "sampleCount": 10
            }
          ],
          "fullName": "parseLockResolvedVersions"
        }
      ]
    }
  ]
}
