{
  "files": [
    {
      "filepath": "scripts/checkDependencies/parseLockResolvedVersions.bench.ts",
      "groups": [
        {
          "benchmarks": [
            {
              "hz": 7348.299860602726,
              "mean": 0.13608590000000048,
              "name": "catalogs section",
              "p99": 0.20288499999998066,
              "rme": 18.28237707679196,
              "sampleCount": 10,
              "sd": 0.03478189112630343
            },
            {
              "hz": 350213.6303150178,
              "mean": 0.0028553999999957115,
              "name": "importers section",
              "p99": 0.006484999999997854,
              "rme": 36.021007389249895,
              "sampleCount": 10,
              "sd": 0.0014379050501852494
            }
          ],
          "fullName": "parseLockResolvedVersions"
        }
      ]
    }
  ]
}
