{
  "files": [
    {
      "filepath": "scripts/checkDependencies/parseLockResolvedVersions.bench.ts",
      "groups": [
        {
          "benchmarks": [
            {
              "mean": 0.14155000000000656,
              "name": "catalogs section",
              "p99": 0.19100000000003092,
              "rme": 12.140766236585401,
              "sampleCount": 10
            },
            {
              "mean": 0.004169999999993479,
              "name": "importers section",
              "p99": 0.005899999999996908,
              "rme": 18.49361839367394,
              "sampleCount": 10
            }
          ],
          "fullName": "parseLockResolvedVersions"
        }
      ]
    }
  ]
}
