{
  "files": [
    {
      "filepath": "scripts/checkDependencies/parseLockResolvedVersions.bench.ts",
      "groups": [
        {
          "benchmarks": [
            {
              "mean": 0.39723000000000186,
              "name": "catalogs section",
              "p99": 0.7010999999999967,
              "rme": 32.49553576826216,
              "sampleCount": 10
            },
            {
              "mean": 0.010810000000026321,
              "name": "importers section",
              "p99": 0.014700000000061664,
              "rme": 15.728483828632916,
              "sampleCount": 10
            }
          ],
          "fullName": "parseLockResolvedVersions"
        }
      ]
    }
  ]
}
