{
  "files": [
    {
      "filepath": "scripts/checkDependencies/parseLockResolvedVersions.bench.ts",
      "groups": [
        {
          "benchmarks": [
            {
              "mean": 0.1377051000000023,
              "name": "catalogs section",
              "p99": 0.18599300000002472,
              "rme": 14.151591815119449,
              "sampleCount": 10
            },
            {
              "mean": 0.003000000000005798,
              "name": "importers section",
              "p99": 0.006799999999998363,
              "rme": 34.33253811369617,
              "sampleCount": 10
            }
          ],
          "fullName": "parseLockResolvedVersions"
        }
      ]
    }
  ]
}
