{
  "files": [
    {
      "filepath": "scripts/checkDependencies/parseLockResolvedVersions.bench.ts",
      "groups": [
        {
          "benchmarks": [
            {
              "mean": 0.33327999999999636,
              "name": "catalogs section",
              "p99": 1.061399999999992,
              "rme": 55.1349355524034,
              "sampleCount": 10
            },
            {
              "mean": 0.0044299999999964255,
              "name": "importers section",
              "p99": 0.009500000000002728,
              "rme": 34.823500040771755,
              "sampleCount": 10
            }
          ],
          "fullName": "parseLockResolvedVersions"
        }
      ]
    }
  ]
}
